name,url,keywords
Affix-Hapvida-AD-Manual-MANAUS-10-25.pdf,https://www.affix.com.br/wp-content/uploads/2021/03/Affix-Hapvida-AD-Manual-MANAUS-10-25.pdf,affix hapvida adesao ad manual vendas manaus amazonas am corretor
Affix-PME-Hapvida-Manual-Corretor-MANAUS-DESCONTO-10-25.pdf,https://www.affix.com.br/wp-content/uploads/2019/02/Affix-PME-Hapvida-Manual-Corretor-MANAUS-DESCONTO-10-25.pdf,affix pme empresas hapvida manual corretor vendas manaus amazonas am desconto
Affix-AM-Hapvida-BOMBEIROS-Manual-08-25.pdf,https://www.affix.com.br/wp-content/uploads/2019/02/Affix-AM-Hapvida-BOMBEIROS-Manual-08-25.pdf,affix am amazonas hapvida bombeiros corpo manual setor publico manaus
Affix-AM-Hapvida-IFAM-Manual-06-25.pdf,https://www.affix.com.br/wp-content/uploads/2019/02/Affix-AM-Hapvida-IFAM-Manual-06-25.pdf,affix am amazonas hapvida ifam instituto federal manual setor publico manaus
Affix-AM-Hapvida-PM-AMAZONAS-Manual-01-24.pdf,https://www.affix.com.br/wp-content/uploads/2019/02/Affix-AM-Hapvida-PM-AMAZONAS-Manual-01-24.pdf,affix am amazonas hapvida pm policia militar manual setor publico manaus
Affix-Hapvida-AD-Manual-BELEM-10-25.pdf,https://www.affix.com.br/wp-content/uploads/2019/02/Affix-Hapvida-AD-Manual-BELEM-10-25.pdf,affix hapvida adesao ad manual vendas belem para pa corretor
Affix-Hapvida-AD-Manual-PARAUAPEBAS-10-25.pdf,https://www.affix.com.br/wp-content/uploads/2019/02/Affix-Hapvida-AD-Manual-PARAUAPEBAS-10-25.pdf,affix hapvida adesao ad manual vendas parauapebas para pa corretor
Affix-PME-Hapvida-Manual-Corretor-BELEM-DESCONTO-10-25.pdf,https://www.affix.com.br/wp-content/uploads/2019/02/Affix-PME-Hapvida-Manual-Corretor-BELEM-DESCONTO-10-25.pdf,affix pme empresas hapvida manual corretor vendas belem para pa desconto
Affix-PME-Hapvida-Manual-Corretor-PARAUAPEBAS-DESCONTO-10-25.pdf,https://www.affix.com.br/wp-content/uploads/2019/02/Affix-PME-Hapvida-Manual-Corretor-PARAUAPEBAS-DESCONTO-10-25.pdf,affix pme empresas hapvida manual corretor vendas parauapebas para pa desconto
Affix-PME-Hapvida-Manual-Corretor-SINDILOJAS-BELEM-DESCONTO-10-25.pdf,https://www.affix.com.br/wp-content/uploads/2019/02/Affix-PME-Hapvida-Manual-Corretor-SINDILOJAS-BELEM-DESCONTO-10-25.pdf,affix pme empresas hapvida manual corretor vendas sindilojas belem para pa desconto
Affix-PA-Hapvida-NDI-ANANINDEUA-Manual-12-24.pdf,https://www.affix.com.br/wp-content/uploads/2019/02/Affix-PA-Hapvida-NDI-ANANINDEUA-Manual-12-24.pdf,affix pa para hapvida ndi notredame ananindeua manual setor publico prefeitura
Affix-PA-Marituba-Hapvida-Manual-03-24.pdf,https://www.affix.com.br/wp-content/uploads/2019/02/Affix-PA-Marituba-Hapvida-Manual-03-24.pdf,affix pa para marituba hapvida manual setor publico prefeitura
Affix-Hapvida-AD-Manual-SAO-LUIS-10-25.pdf,https://www.affix.com.br/wp-content/uploads/2020/11/Affix-Hapvida-AD-Manual-SAO-LUIS-10-25.pdf,affix hapvida adesao ad manual vendas sao luis maranhao ma corretor
Affix-MA-Humana-Manual-Corretor-SAO-LUIS-TAB-ABERTA-03-25-B.pdf,https://www.affix.com.br/wp-content/uploads/2020/11/Affix-MA-Humana-Manual-Corretor-SAO-LUIS-TAB-ABERTA-03-25-B.pdf,affix ma maranhao humana manual corretor vendas sao luis tabela aberta adesao
Affix-MA-Humana-Manual-Corretor-IMPERATRIZ-TAB-ABERTA-03-25-B.pdf,https://www.affix.com.br/wp-content/uploads/2020/11/Affix-MA-Humana-Manual-Corretor-IMPERATRIZ-TAB-ABERTA-03-25-B.pdf,affix ma maranhao humana manual corretor vendas imperatriz tabela aberta adesao
Affix-MA-Humana-Manual-Corretor-SAO-LUIS-TAB-FECHADA-03-25-B.pdf,https://www.affix.com.br/wp-content/uploads/2020/11/Affix-MA-Humana-Manual-Corretor-SAO-LUIS-TAB-FECHADA-03-25-B.pdf,affix ma maranhao humana manual corretor vendas sao luis tabela fechada adesao
Affix-MA-Humana-Manual-Corretor-IMPERATRIZ-TAB-FECHADA-03-25-B.pdf,https://www.affix.com.br/wp-content/uploads/2020/11/Affix-MA-Humana-Manual-Corretor-IMPERATRIZ-TAB-FECHADA-03-25-B.pdf,affix ma maranhao humana manual corretor vendas imperatriz tabela fechada adesao
Affix-MA-Unimed-Maranhao-Sul-Manual-Corretor-07-25.pdf,https://www.affix.com.br/wp-content/uploads/2019/02/Affix-MA-Unimed-Maranhao-Sul-Manual-Corretor-07-25.pdf,affix ma maranhao unimed maranhao do sul manual corretor vendas adesao
Affix-MA-Unimed-Maranhao-Sul-Manual-Corretor-CAAMA-07-25.pdf,https://www.affix.com.br/wp-content/uploads/2019/02/Affix-MA-Unimed-Maranhao-Sul-Manual-Corretor-CAAMA-07-25.pdf,affix ma maranhao unimed maranhao do sul manual corretor vendas caama adesao
Affix-MA-Unimed-Maranhao-Sul-Manual-Corretor-FNEL-ASCOSERVI-07-25.pdf,https://www.affix.com.br/wp-content/uploads/2019/02/Affix-MA-Unimed-Maranhao-Sul-Manual-Corretor-FNEL-ASCOSERVI-07-25.pdf,affix ma maranhao unimed maranhao do sul manual corretor vendas fnel ascoservi adesao
Affix-PME-Hapvida-Manual-Corretor-SAO-LUIS-DESCONTO-10-25.pdf,https://www.affix.com.br/wp-content/uploads/2019/02/Affix-PME-Hapvida-Manual-Corretor-SAO-LUIS-DESCONTO-10-25.pdf,affix pme empresas hapvida manual corretor vendas sao luis maranhao ma desconto
Affix-MA-PME-Unimed-Maranhao-do-Sul-Manual-Corretor-ACII-03-25.pdf,https://www.affix.com.br/wp-content/uploads/2019/02/Affix-MA-PME-Unimed-Maranhao-do-Sul-Manual-Corretor-ACII-03-25.pdf,affix ma maranhao pme empresas unimed maranhao do sul manual corretor vendas acii
Affix-MA-Hapvida-PM-MARANHAO-Manual-05-25.pdf,https://www.affix.com.br/wp-content/uploads/2019/02/Affix-MA-Hapvida-PM-MARANHAO-Manual-05-25.pdf,affix ma maranhao hapvida pm policia militar manual setor publico sao luis imperatriz
Affix-Hapvida-AD-Manual-CENTRO-CLINICO-GAUCHO-10-25.pdf,https://www.affix.com.br/wp-content/uploads/2021/03/Affix-Hapvida-AD-Manual-CENTRO-CLINICO-GAUCHO-10-25.pdf,affix hapvida adesao ad manual vendas centro clinico gaucho ccg rio grande do sul rs porto alegre
Affix-RS-Humana-Saude-Sul-TAB-ABERTA-09-25-1.pdf,https://www.affix.com.br/wp-content/uploads/2021/03/Affix-RS-Humana-Saude-Sul-TAB-ABERTA-09-25-1.pdf,affix rs rio grande do sul humana saude sul tabela aberta adesao manual vendas
Affix-RS-Humana-Saude-Sul-TAB-FECHADA-09-25-1.pdf,https://www.affix.com.br/wp-content/uploads/2021/03/Affix-RS-Humana-Saude-Sul-TAB-FECHADA-09-25-1.pdf,affix rs rio grande do sul humana saude sul tabela fechada adesao manual vendas
Affix-RS-Humana-Saude-Sul-TAB-ESTUDANTIL-09-25-1.pdf,https://www.affix.com.br/wp-content/uploads/2021/03/Affix-RS-Humana-Saude-Sul-TAB-ESTUDANTIL-09-25-1.pdf,affix rs rio grande do sul humana saude sul tabela estudantil adesao manual vendas estudante
Affix-Hapvida-AD-Manual-JOINVILLE-10-25.pdf,https://www.affix.com.br/wp-content/uploads/2021/02/Affix-Hapvida-AD-Manual-JOINVILLE-10-25.pdf,affix hapvida adesao ad manual vendas joinville santa catarina sc corretor
Affix-PME-Hapvida-Manual-Corretor-JOINVILLE-DESCONTO-10-25.pdf,https://www.affix.com.br/wp-content/uploads/2020/05/Affix-PME-Hapvida-Manual-Corretor-JOINVILLE-DESCONTO-10-25.pdf,affix pme empresas hapvida manual corretor vendas joinville santa catarina sc desconto
Affix-PME-Hapvida-Manual-Corretor-ACIG-DESCONTO-10-25.pdf,https://www.affix.com.br/wp-content/uploads/2020/05/Affix-PME-Hapvida-Manual-Corretor-ACIG-DESCONTO-10-25.pdf,affix pme empresas hapvida manual corretor vendas acig joinville santa catarina sc desconto
Affix-PME-Hapvida-Manual-Corretor-ACIJ-DESCONTO-10-25.pdf,https://www.affix.com.br/wp-content/uploads/2020/05/Affix-PME-Hapvida-Manual-Corretor-ACIJ-DESCONTO-10-25.pdf,affix pme empresas hapvida manual corretor vendas acij joinville santa catarina sc desconto
Affix-PR-Humana-Saude-Sul-Manual-Corretor-Londrina-Tabela-Aberta-09-25.pdf,https://www.affix.com.br/wp-content/uploads/2020/02/Affix-PR-Humana-Saude-Sul-Manual-Corretor-Londrina-Tabela-Aberta-09-25.pdf,affix pr parana humana saude sul manual corretor vendas londrina tabela aberta adesao
Affix-PR-Humana-Saude-Sul-Manual-Corretor-Londrina-Tabela-Fechada-09-25.pdf,https://www.affix.com.br/wp-content/uploads/2020/02/Affix-PR-Humana-Saude-Sul-Manual-Corretor-Londrina-Tabela-Fechada-09-25.pdf,affix pr parana humana saude sul manual corretor vendas londrina tabela fechada adesao
Affix-PR-Humana-Saude-Sul-Manual-Corretor-Londrina-Tabela-Estudantil-09-25.pdf,https://www.affix.com.br/wp-content/uploads/2020/02/Affix-PR-Humana-Saude-Sul-Manual-Corretor-Londrina-Tabela-Estudantil-09-25.pdf,affix pr parana humana saude sul manual corretor vendas londrina tabela estudantil estudante adesao
Affix-PR-Humana-Saude-Sul-Manual-Corretor-Maringa-Tabela-Aberta-09-25.pdf,https://www.affix.com.br/wp-content/uploads/2020/02/Affix-PR-Humana-Saude-Sul-Manual-Corretor-Maringa-Tabela-Aberta-09-25.pdf,affix pr parana humana saude sul manual corretor vendas maringa tabela aberta adesao
Affix-PR-Humana-Saude-Sul-Manual-Corretor-Maringa-Tabela-Fechada-09-25.pdf,https://www.affix.com.br/wp-content/uploads/2020/02/Affix-PR-Humana-Saude-Sul-Manual-Corretor-Maringa-Tabela-Fechada-09-25.pdf,affix pr parana humana saude sul manual corretor vendas maringa tabela fechada adesao
Affix-PR-Humana-Saude-Sul-Manual-Corretor-Maringa-Tabela-Estudantil-09-25.pdf,https://www.affix.com.br/wp-content/uploads/2020/02/Affix-PR-Humana-Saude-Sul-Manual-Corretor-Maringa-Tabela-Estudantil-09-25.pdf,affix pr parana humana saude sul manual corretor vendas maringa tabela estudantil estudante adesao
Affix-PR-Humana-Saude-Sul-Manual-Corretor-TAB-ABERTA-09-25.pdf,https://www.affix.com.br/wp-content/uploads/2020/01/Affix-PR-Humana-Saude-Sul-Manual-Corretor-TAB-ABERTA-09-25.pdf,affix pr parana humana saude sul manual corretor vendas tabela aberta adesao sempre vida filial
Affix-PR-Humana-Saude-Sul-Manual-Corretor-TAB-ESTUDANTIL-09-25.pdf,https://www.affix.com.br/wp-content/uploads/2020/01/Affix-PR-Humana-Saude-Sul-Manual-Corretor-TAB-ESTUDANTIL-09-25.pdf,affix pr parana humana saude sul manual corretor vendas tabela estudantil estudante adesao sempre vida filial
Affix-PR-Humana-Saude-Sul-Manual-Corretor-TAB-FECHADA-09-25.pdf,https://www.affix.com.br/wp-content/uploads/2020/01/Affix-PR-Humana-Saude-Sul-Manual-Corretor-TAB-FECHADA-09-25.pdf,affix pr parana humana saude sul manual corretor vendas tabela fechada adesao sempre vida filial
Affix-MS-Manual-Vendas-Oeste-Saude-08-25.pdf,https://www.affix.com.br/wp-content/uploads/2021/03/Affix-MS-Manual-Vendas-Oeste-Saude-08-25.pdf,affix ms mato grosso do sul manual vendas oeste saude adesao corretor
Affix-SP-Ativia-Manual-Corretor-01-25.pdf,https://www.affix.com.br/wp-content/uploads/2019/02/Affix-SP-Ativia-Manual-Corretor-01-25.pdf,affix sp sao paulo ativia manual corretor vendas adesao
Affix-SP-Ativia-Senior-Manual-Corretor-11-24-1.pdf,https://www.affix.com.br/wp-content/uploads/2019/02/Affix-SP-Ativia-Senior-Manual-Corretor-11-24-1.pdf,affix sp sao paulo ativia senior manual corretor vendas adesao
Affix-SP-Blue-Med-Manual-Corretor-05-25.pdf,https://www.affix.com.br/wp-content/uploads/2019/02/Affix-SP-Blue-Med-Manual-Corretor-05-25.pdf,affix sp sao paulo bluemed blue med manual corretor vendas adesao
Affix-Hapvida-AD-Manual-SAO-JOSE-DOS-CAMPOS-10-25.pdf,https://www.affix.com.br/wp-content/uploads/2019/02/Affix-Hapvida-AD-Manual-SAO-JOSE-DOS-CAMPOS-10-25.pdf,affix hapvida adesao ad manual vendas sao jose dos campos sjc sp sao paulo corretor
Affix-SP-Hapvida-NDI-Manual-TAB-ABERTA-08-25.pdf,https://www.affix.com.br/wp-content/uploads/2019/02/Affix-SP-Hapvida-NDI-Manual-TAB-ABERTA-08-25.pdf,affix sp sao paulo hapvida ndi notredame manual tabela aberta adesao vendas corretor
Affix-SP-Hapvida-NDI-Manual-TAB-FECHADA-08-25.pdf,https://www.affix.com.br/wp-content/uploads/2019/02/Affix-SP-Hapvida-NDI-Manual-TAB-FECHADA-08-25.pdf,affix sp sao paulo hapvida ndi notredame manual tabela fechada adesao vendas corretor
Affix-SP-Hapvida-NDI-Manual-TAB-FECHADA-ESTUDANTIL-08-25.pdf,https://www.affix.com.br/wp-content/uploads/2019/02/Affix-SP-Hapvida-NDI-Manual-TAB-FECHADA-ESTUDANTIL-08-25.pdf,affix sp sao paulo hapvida ndi notredame manual tabela fechada estudantil estudante adesao vendas corretor
Affix-SP-Santa-Filomena-Manual-Corretor-05-25.pdf,https://www.affix.com.br/wp-content/uploads/2019/02/Affix-SP-Santa-Filomena-Manual-Corretor-05-25.pdf,affix sp sao paulo santa filomena manual corretor vendas adesao
Affix-SP-São Cristovao-Manual-Corretor-09-25.pdf,https://www.affix.com.br/wp-content/uploads/2016/03/Affix-SP-S-Cristovao-Manual-Corretor-09-25.pdf,affix sp sao paulo sao cristovao manual corretor vendas adesao
Affix-SP-Manual-Vendas-Unimed-Jundiai-05-25-B.pdf,https://www.affix.com.br/wp-content/uploads/2016/01/Affix-SP-Manual-Vendas-Unimed-Jundiai-05-25-B.pdf,affix sp sao paulo unimed jundiai manual vendas adesao corretor
Affix-SP-Manual-Corretor-Vera-Cruz-06-25.pdf,https://www.affix.com.br/wp-content/uploads/2016/01/Affix-SP-Manual-Corretor-Vera-Cruz-06-25.pdf,affix sp sao paulo vera cruz manual corretor vendas adesao
Affix-PME-Hapvida-Manual-Corretor-LIMEIRA-DESCONTO-10-25.pdf,https://www.affix.com.br/wp-content/uploads/2016/01/Affix-PME-Hapvida-Manual-Corretor-LIMEIRA-DESCONTO-10-25.pdf,affix pme empresas hapvida manual corretor vendas limeira sp sao paulo desconto
Affix-PME-Hapvida-Manual-Corretor-SAO-JOSE-DOS-CAMPOS-DESCONTO-10-25.pdf,https://www.affix.com.br/wp-content/uploads/2016/01/Affix-PME-Hapvida-Manual-Corretor-SAO-JOSE-DOS-CAMPOS-DESCONTO-10-25.pdf,affix pme empresas hapvida manual corretor vendas sao jose dos campos sjc sp sao paulo desconto
Affix-PME-HAPVIDA-NDI-Sao-Paulo-Manual-08-25B.pdf,https://www.affix.com.br/wp-content/uploads/2016/01/Affix-PME-HAPVIDA-NDI-Sao-Paulo-Manual-08-25B.pdf,affix pme empresas hapvida ndi notredame sao paulo sp capital manual vendas corretor
Affix-PME-HAPVIDA-NDI-Regional-Manual-08-25B.pdf,https://www.affix.com.br/wp-content/uploads/2016/01/Affix-PME-HAPVIDA-NDI-Regional-Manual-08-25B.pdf,affix pme empresas hapvida ndi notredame regional sp sao paulo manual vendas corretor
Affix-SP-Manual-Vendas-Unimed-Jundiai-Pref-Campo-Limpo-12-24.pdf,https://www.affix.com.br/wp-content/uploads/2016/01/Affix-SP-Manual-Vendas-Unimed-Jundiai-Pref-Campo-Limpo-12-24.pdf,affix sp sao paulo unimed jundiai manual vendas setor publico prefeitura campo limpo paulista
Affix-RJ-Hapvida-NDI-Manual-TAB-ABERTA-08-25.pdf,https://www.affix.com.br/wp-content/uploads/2019/02/Affix-RJ-Hapvida-NDI-Manual-TAB-ABERTA-08-25.pdf,affix rj rio de janeiro hapvida ndi notredame manual tabela aberta adesao vendas corretor
Affix-RJ-Hapvida-NDI-Manual-TAB-FECHADA-08-25.pdf,https://www.affix.com.br/wp-content/uploads/2019/02/Affix-RJ-Hapvida-NDI-Manual-TAB-FECHADA-08-25.pdf,affix rj rio de janeiro hapvida ndi notredame manual tabela fechada adesao vendas corretor
Affix-RJ-Hapvida-NDI-Manual-TAB-FECHADA-ESTUDANTIL-08-25.pdf,https://www.affix.com.br/wp-content/uploads/2019/02/Affix-RJ-Hapvida-NDI-Manual-TAB-FECHADA-ESTUDANTIL-08-25.pdf,affix rj rio de janeiro hapvida ndi notredame manual tabela fechada estudantil estudante adesao vendas corretor
Affix-RJ-Onix-Manual-Vendas-Corretor-05-25.pdf,https://www.affix.com.br/wp-content/uploads/2019/02/Affix-RJ-Onix-Manual-Vendas-Corretor-05-25.pdf,affix rj rio de janeiro onix manual vendas corretor adesao
Affix-RJ-Plamer-Manual-Corretor-04-25-B.pdf,https://www.affix.com.br/wp-content/uploads/2019/02/Affix-RJ-Plamer-Manual-Corretor-04-25-B.pdf,affix rj rio de janeiro plamer manual corretor vendas adesao
Affix-PME-HAPVIDA-NDI-Rio-de-Janeiro-Manual-08-25B.pdf,https://www.affix.com.br/wp-content/uploads/2019/01/Affix-PME-HAPVIDA-NDI-Rio-de-Janeiro-Manual-08-25B.pdf,affix pme empresas hapvida ndi notredame rio de janeiro rj capital manual vendas corretor
Affix-ES-Manual-Corretor-Sao-Bernardo-Samp-Linha-Samp-10-25B.pdf,https://www.affix.com.br/wp-content/uploads/2019/02/Affix-ES-Manual-Corretor-Sao-Bernardo-Samp-Linha-Samp-10-25B.pdf,affix es espirito santo manual corretor vendas sao bernardo samp linha samp adesao
Affix-ES-Manual-Corretor-Sao-Bernardo-Samp-Linha-Sao-Bernardo-07-25-1.pdf,https://www.affix.com.br/wp-content/uploads/2019/02/Affix-ES-Manual-Corretor-Sao-Bernardo-Samp-Linha-Sao-Bernardo-07-25-1.pdf,affix es espirito santo manual corretor vendas sao bernardo samp linha sao bernardo adesao
Affix-Hapvida-AD-Manual-BELO-HORIZONTE-10-25.pdf,https://www.affix.com.br/wp-content/uploads/2020/04/Affix-Hapvida-AD-Manual-BELO-HORIZONTE-10-25.pdf,affix hapvida adesao ad manual vendas belo horizonte bh minas gerais mg corretor
Affix-Hapvida-AD-Manual-UBERABA-10-25.pdf,https://www.affix.com.br/wp-content/uploads/2020/04/Affix-Hapvida-AD-Manual-UBERABA-10-25.pdf,affix hapvida adesao ad manual vendas uberaba minas gerais mg corretor
Affix-Hapvida-AD-Manual-UBERLANDIA-10-25.pdf,https://www.affix.com.br/wp-content/uploads/2020/04/Affix-Hapvida-AD-Manual-UBERLANDIA-10-25.pdf,affix hapvida adesao ad manual vendas uberlandia minas gerais mg corretor
Affix-MG-Manual-Corretor-Hapvida-NDI-Geral-10-25B.pdf,https://www.affix.com.br/wp-content/uploads/2019/12/Affix-MG-Manual-Corretor-Hapvida-NDI-Geral-10-25B.pdf,affix mg minas gerais manual corretor vendas hapvida ndi notredame geral adesao
Affix-MG-Manual-Corretor-Hapvida-NDI-Estudantes-10-25B.pdf,https://www.affix.com.br/wp-content/uploads/2019/12/Affix-MG-Manual-Corretor-Hapvida-NDI-Estudantes-10-25B.pdf,affix mg minas gerais manual corretor vendas hapvida ndi notredame estudantes estudantil adesao
Affix-PME-Hapvida-Manual-Corretor-BELO-HORIZONTE-DESCONTO-10-25.pdf,https://www.affix.com.br/wp-content/uploads/2019/01/Affix-PME-Hapvida-Manual-Corretor-BELO-HORIZONTE-DESCONTO-10-25.pdf,affix pme empresas hapvida manual corretor vendas belo horizonte bh minas gerais mg desconto
Affix-PME-Hapvida-Manual-Corretor-UBERABA-DESCONTO-10-25.pdf,https://www.affix.com.br/wp-content/uploads/2019/01/Affix-PME-Hapvida-Manual-Corretor-UBERABA-DESCONTO-10-25.pdf,affix pme empresas hapvida manual corretor vendas uberaba minas gerais mg desconto
Affix-PME-Hapvida-Manual-Corretor-UBERLANDIA-DESCONTO-10-25.pdf,https://www.affix.com.br/wp-content/uploads/2019/01/Affix-PME-Hapvida-Manual-Corretor-UBERLANDIA-DESCONTO-10-25.pdf,affix pme empresas hapvida manual corretor vendas uberlandia minas gerais mg desconto
Affix-Hapvida-AD-Manual-ANAPOLIS-10-25.pdf,https://www.affix.com.br/wp-content/uploads/2021/04/Affix-Hapvida-AD-Manual-ANAPOLIS-10-25.pdf,affix hapvida adesao ad manual vendas anapolis goias go corretor
Affix-Hapvida-AD-Manual-GOIANIA-10-25.pdf,https://www.affix.com.br/wp-content/uploads/2021/04/Affix-Hapvida-AD-Manual-GOIANIA-10-25.pdf,affix hapvida adesao ad manual vendas goiania goias go corretor
Affix-PME-Hapvida-Manual-Corretor-ANAPOLIS-DESCONTO-10-25.pdf,https://www.affix.com.br/wp-content/uploads/2021/03/Affix-PME-Hapvida-Manual-Corretor-ANAPOLIS-DESCONTO-10-25.pdf,affix pme empresas hapvida manual corretor vendas anapolis goias go desconto
Affix-PME-Hapvida-Manual-Corretor-GOIANIA-DESCONTO-10-25.pdf,https://www.affix.com.br/wp-content/uploads/2021/03/Affix-PME-Hapvida-Manual-Corretor-GOIANIA-DESCONTO-10-25.pdf,affix pme empresas hapvida manual corretor vendas goiania goias go desconto
Affix-Hapvida-AD-Manual-BRASILIA-10-25.pdf,https://www.affix.com.br/wp-content/uploads/2019/03/Affix-Hapvida-AD-Manual-BRASILIA-10-25.pdf,affix hapvida adesao ad manual vendas brasilia distrito federal df corretor
Affix-PME-Hapvida-Manual-Corretor-BRASILIA-DESCONTO-10-25.pdf,https://www.affix.com.br/wp-content/uploads/2019/02/Affix-PME-Hapvida-Manual-Corretor-BRASILIA-DESCONTO-10-25.pdf,affix pme empresas hapvida manual corretor vendas brasilia distrito federal df desconto
Affix-PME-Hapvida-Manual-Corretor-SINDIVAREJISTA-DF-DESCONTO-10-25.pdf,https://www.affix.com.br/wp-content/uploads/2019/02/Affix-PME-Hapvida-Manual-Corretor-SINDIVAREJISTA-DF-DESCONTO-10-25.pdf,affix pme empresas hapvida manual corretor vendas sindivarejista df distrito federal brasilia desconto
Affix-Hapvida-AD-Manual-CAMACARI-10-25.pdf,https://www.affix.com.br/wp-content/uploads/2019/11/Affix-Hapvida-AD-Manual-CAMACARI-10-25.pdf,affix hapvida adesao ad manual vendas camacari bahia ba corretor
Affix-Hapvida-AD-Manual-FEIRA-DE-SANTANA-10-25.pdf,https://www.affix.com.br/wp-content/uploads/2019/11/Affix-Hapvida-AD-Manual-FEIRA-DE-SANTANA-10-25.pdf,affix hapvida adesao ad manual vendas feira de santana bahia ba corretor
Affix-Hapvida-AD-Manual-SALVADOR-10-25.pdf,https://www.affix.com.br/wp-content/uploads/2019/11/Affix-Hapvida-AD-Manual-SALVADOR-10-25.pdf,affix hapvida adesao ad manual vendas salvador bahia ba corretor
Affix-BA-Manual-Vendas-Unimed-Sudoeste-05-25.pdf,https://www.affix.com.br/wp-content/uploads/2019/11/Affix-BA-Manual-Vendas-Unimed-Sudoeste-05-25.pdf,affix ba bahia manual vendas unimed sudoeste adesao corretor vitoria da conquista
Affix-BA-Unimed-Sudoeste-Backoffice-Manual-ABME-11-24.pdf,https://www.affix.com.br/wp-content/uploads/2019/03/Affix-BA-Unimed-Sudoeste-Backoffice-Manual-ABME-11-24.pdf,affix ba bahia unimed sudoeste backoffice manual vendas abme vitoria da conquista
Affix-BA-Unimed-Sudoeste-Backoffice-Manual-ASPESCBA-01-25.pdf,https://www.affix.com.br/wp-content/uploads/2019/03/Affix-BA-Unimed-Sudoeste-Backoffice-Manual-ASPESCBA-01-25.pdf,affix ba bahia unimed sudoeste backoffice manual vendas aspescba aspsesc vitoria da conquista
Affix-BA-Unimed-Sudoeste-Backoffice-Manual-ASSERP-10-25.pdf,https://www.affix.com.br/wp-content/uploads/2019/03/Affix-BA-Unimed-Sudoeste-Backoffice-Manual-ASSERP-10-25.pdf,affix ba bahia unimed sudoeste backoffice manual vendas asserp vitoria da conquista
Affix-BA-Unimed-Sudoeste-Backoffice-Manual-Pref-Pocoes-08-25.pdf,https://www.affix.com.br/wp-content/uploads/2019/03/Affix-BA-Unimed-Sudoeste-Backoffice-Manual-Pref-Pocoes-08-25.pdf,affix ba bahia unimed sudoeste backoffice manual vendas prefeitura pocoes setor publico vitoria da conquista
Affix-PME-Hapvida-Manual-Corretor-CAMACARI-DESCONTO-10-25.pdf,https://www.affix.com.br/wp-content/uploads/2019/02/Affix-PME-Hapvida-Manual-Corretor-CAMACARI-DESCONTO-10-25.pdf,affix pme empresas hapvida manual corretor vendas camacari bahia ba desconto
Affix-PME-Hapvida-Manual-Corretor-FEIRA-DE-SANTANA-DESCONTO-10-25.pdf,https://www.affix.com.br/wp-content/uploads/2019/02/Affix-PME-Hapvida-Manual-Corretor-FEIRA-DE-SANTANA-DESCONTO-10-25.pdf,affix pme empresas hapvida manual corretor vendas feira de santana bahia ba desconto
Affix-PME-Hapvida-Manual-Corretor-SALVADOR-DESCONTO-10-25.pdf,https://www.affix.com.br/wp-content/uploads/2019/02/Affix-PME-Hapvida-Manual-Corretor-SALVADOR-DESCONTO-10-25.pdf,affix pme empresas hapvida manual corretor vendas salvador bahia ba desconto
Affix-PME-Hapvida-Manual-Corretor-FECOMERCIO-FEIRA-DE-SANTANA-DESCONTO-10-25-1.pdf,https://www.affix.com.br/wp-content/uploads/2019/02/Affix-PME-Hapvida-Manual-Corretor-FECOMERCIO-FEIRA-DE-SANTANA-DESCONTO-10-25-1.pdf,affix pme empresas hapvida manual corretor vendas fecomercio feira de santana bahia ba desconto
Affix-PME-Hapvida-Manual-Corretor-SICOMERCIO-CAMACARI-DESCONTO-10-25-1.pdf,https://www.affix.com.br/wp-content/uploads/2019/02/Affix-PME-Hapvida-Manual-Corretor-SICOMERCIO-CAMACARI-DESCONTO-10-25-1.pdf,affix pme empresas hapvida manual corretor vendas sicomercio camacari bahia ba desconto
Affix-PME-Hapvida-Manual-Corretor-SINDILOJAS-BA-DESCONTO-07-25.pdf,https://www.affix.com.br/wp-content/uploads/2019/02/Affix-PME-Hapvida-Manual-Corretor-SINDILOJAS-BA-DESCONTO-07-25.pdf,affix pme empresas hapvida manual corretor vendas sindilojas bahia ba camacari feira de santana salvador desconto
Affix-PME-Unimed-Sudoeste-Manual-08-25.pdf,https://www.affix.com.br/wp-content/uploads/2019/02/Affix-PME-Unimed-Sudoeste-Manual-08-25.pdf,affix pme empresas unimed sudoeste manual vendas bahia ba vitoria da conquista corretor
Affix-BA-Dias-DAvila-Hapvida-Manual-01-25.pdf,https://www.affix.com.br/wp-content/uploads/2019/02/Affix-BA-Dias-DAvila-Hapvida-Manual-01-25.pdf,affix ba bahia dias davila hapvida manual setor publico prefeitura
Affix-BA-Hapvida-NDI-SIMOES-FILHO-Manual-08-24-1.pdf,https://www.affix.com.br/wp-content/uploads/2019/02/Affix-BA-Hapvida-NDI-SIMOES-FILHO-Manual-08-24-1.pdf,affix ba bahia hapvida ndi notredame simoes filho manual setor publico prefeitura
Affix-BA-Manual-Vendas-Unimed-Sudoeste-Prefeitura de Aiquara -08-24.pdf,https://www.affix.com.br/wp-content/uploads/2019/02/Affix-BA-Manual-Vendas-Unimed-Sudoeste-Pref.-Aiquara-08-24.pdf,affix ba bahia manual vendas unimed sudoeste prefeitura aiquara setor publico vitoria da conquista
Affix-BA-Unimed-Sudoeste-Manual-Vendas-Prefeitura de Tremedal-12-24.pdf,https://www.affix.com.br/wp-content/uploads/2019/02/Affix-BA-Unimed-Sudoeste-Manual-Vendas-Pref.-Tremedal-12-24.pdf,affix ba bahia unimed sudoeste manual vendas prefeitura tremedal setor publico vitoria da conquista
Affix-BA-Unimed-Sudoeste-Manual-Vendas-Pref.-Vitoria-da-Conquista-08-25-1.pdf,https://www.affix.com.br/wp-content/uploads/2019/02/Affix-BA-Unimed-Sudoeste-Manual-Vendas-Pref.-Vitoria-da-Conquista-08-25-1.pdf,affix ba bahia unimed sudoeste manual vendas prefeitura vitoria da conquista setor publico
Affix-Hapvida-AD-Manual-ARACAJU-10-25.pdf,https://www.affix.com.br/wp-content/uploads/2019/02/Affix-Hapvida-AD-Manual-ARACAJU-10-25.pdf,affix hapvida adesao ad manual vendas aracaju sergipe se corretor
Affix-PME-Hapvida-Manual-Corretor-ARACAJU-DESCONTO-10-25.pdf,https://www.affix.com.br/wp-content/uploads/2019/02/Affix-PME-Hapvida-Manual-Corretor-ARACAJU-DESCONTO-10-25.pdf,affix pme empresas hapvida manual corretor vendas aracaju sergipe se desconto
Affix-PME-Hapvida-Manual-Corretor-FECOMERCIO-SE-DESCONTO-10-25.pdf,https://www.affix.com.br/wp-content/uploads/2019/02/Affix-PME-Hapvida-Manual-Corretor-FECOMERCIO-SE-DESCONTO-10-25.pdf,affix pme empresas hapvida manual corretor vendas fecomercio sergipe se aracaju desconto
Affix-PME-Hapvida-Manual-Corretor-SINDILOJAS-SE-DESCONTO-10-25-1.pdf,https://www.affix.com.br/wp-content/uploads/2019/02/Affix-PME-Hapvida-Manual-Corretor-SINDILOJAS-SE-DESCONTO-10-25-1.pdf,affix pme empresas hapvida manual corretor vendas sindilojas sergipe se aracaju desconto
Affix-SE-Hapvida-GOVERNO-SERGIPE-Manual-06-25-1.pdf,https://www.affix.com.br/wp-content/uploads/2019/02/Affix-SE-Hapvida-GOVERNO-SERGIPE-Manual-06-25-1.pdf,affix se sergipe hapvida governo manual setor publico aracaju
Affix-SE-Hapvida-PREF-ARACAJU-Manual-05-25.pdf,https://www.affix.com.br/wp-content/uploads/2019/02/Affix-SE-Hapvida-PREF-ARACAJU-Manual-05-25.pdf,affix se sergipe hapvida prefeitura aracaju manual setor publico
Affix-SE-Barra-dos-Coqueiros-Hapvida-Manual-08-24.pdf,https://www.affix.com.br/wp-content/uploads/2019/02/Affix-SE-Barra-dos-Coqueiros-Hapvida-Manual-08-24.pdf,affix se sergipe barra dos coqueiros hapvida manual setor publico prefeitura
Affix-Hapvida-AD-Manual-MACEIO-08-25B.pdf,https://www.affix.com.br/wp-content/uploads/2021/03/Affix-Hapvida-AD-Manual-MACEIO-08-25B.pdf,affix hapvida adesao ad manual vendas maceio alagoas al corretor
Affix-PME-Hapvida-Manual-Corretor-MACEIO-DESCONTO-10-25.pdf,https://www.affix.com.br/wp-content/uploads/2019/02/Affix-PME-Hapvida-Manual-Corretor-MACEIO-DESCONTO-10-25.pdf,affix pme empresas hapvida manual corretor vendas maceio alagoas al desconto
Affix-PME-Hapvida-Manual-Corretor-ASSOC-COMERCIAL-MACEIO-DESCONTO-07-25.pdf,https://www.affix.com.br/wp-content/uploads/2019/02/Affix-PME-Hapvida-Manual-Corretor-ASSOC-COMERCIAL-MACEIO-DESCONTO-07-25.pdf,affix pme empresas hapvida manual corretor vendas associacao comercial maceio alagoas al desconto
Affix-AL-Hapvida-Corpo de Bombeiro de Alagoas-Manual-05-25.pdf,https://www.affix.com.br/wp-content/uploads/2019/02/Affix-AL-Hapvida-BOMBEIROS-Manual-05-25.pdf,affix al alagoas hapvida corpo bombeiro manual setor publico maceio
Affix-AL-Hapvida-PM-ALAGOAS-Manual-05-25.pdf,https://www.affix.com.br/wp-content/uploads/2019/02/Affix-AL-Hapvida-PM-ALAGOAS-Manual-05-25.pdf,affix al alagoas hapvida pm policia militar manual setor publico maceio
Affix-AL-Hapvida-Prefeitura de Maceió-Manual-05-25.pdf,https://www.affix.com.br/wp-content/uploads/2019/02/Affix-AL-Hapvida-PREF-MACEIO-Manual-05-25.pdf,affix al alagoas hapvida prefeitura maceio manual setor publico
Affix-BA-Prefeitura de Messias-Hapvida-Manual-12-23-1.pdf,https://www.affix.com.br/wp-content/uploads/2019/02/Affix-BA-Messias-Hapvida-Manual-12-23-1.pdf,affix ba bahia prefeitura messias hapvida manual setor publico al alagoas
Affix-AL-Hapvida-Prefeitura de Rio Largo-Manual-03-25.pdf,https://www.affix.com.br/wp-content/uploads/2019/02/Affix-AL-Hapvida-PREF-RIO-LARGO-Manual-03-25.pdf,affix al alagoas hapvida prefeitura rio largo manual setor publico
Affix-Hapvida-Backoffice-Manual-AFPPE-RECIFE-DESCONTO-10-25.pdf,https://www.affix.com.br/wp-content/uploads/2019/03/Affix-Hapvida-Backoffice-Manual-AFPPE-RECIFE-DESCONTO-10-25.pdf,affix hapvida backoffice manual afppe recife pernambuco pe desconto
Affix-Hapvida-Backoffice-Manual-ASSBRA-RECIFE-DESCONTO-10-25.pdf,https://www.affix.com.br/wp-content/uploads/2019/03/Affix-Hapvida-Backoffice-Manual-ASSBRA-RECIFE-DESCONTO-10-25.pdf,affix hapvida backoffice manual assbra recife pernambuco pe desconto
Affix-Hapvida-Backoffice-Manual-ASSCOMPE-RECIFE-DESCONTO-10-25.pdf,https://www.affix.com.br/wp-content/uploads/2019/03/Affix-Hapvida-Backoffice-Manual-ASSCOMPE-RECIFE-DESCONTO-10-25.pdf,affix hapvida backoffice manual asscompe recife pernambuco pe desconto
Affix-Hapvida-Backoffice-Manual-SINDATE-RECIFE-DESCONTO-10-25.pdf,https://www.affix.com.br/wp-content/uploads/2019/03/Affix-Hapvida-Backoffice-Manual-SINDATE-RECIFE-DESCONTO-10-25.pdf,affix hapvida backoffice manual sindate recife pernambuco pe desconto
Affix-PME-Hapvida-Manual-Corretor-RECIFE-DESCONTO-10-25.pdf,https://www.affix.com.br/wp-content/uploads/2019/02/Affix-PME-Hapvida-Manual-Corretor-RECIFE-DESCONTO-10-25.pdf,affix pme empresas hapvida manual corretor vendas recife pernambuco pe desconto
Affix-Prefeitura-Hapvida-Policia-Militar-PE-Manual-04-24.pdf,https://www.affix.com.br/wp-content/uploads/2019/02/Affix-PE-Hapvida-Policia-Militar-PE-Manual-04-24.pdf,affix prefeitura hapvida policia militar pm pernambuco pe manual setor publico recife
Affix-Prefeitura-Abreu-e-Lima-Hapvida-Manual-05-24.pdf,https://www.affix.com.br/wp-content/uploads/2019/02/Affix-PE-Abreu-e-Lima-Hapvida-Manual-05-24.pdf,affix prefeitura abreu e lima hapvida manual setor publico pernambuco pe
Affix-Prefeitura-IGARASSU-Hapvida-Manual-02-24.pdf,https://www.affix.com.br/wp-content/uploads/2019/02/Affix-PE-IGARASSU-Hapvida-Manual-02-24.pdf,affix prefeitura igarassu hapvida manual setor publico pernambuco pe
Affix-Prefeitura-IPOJUCA-Hapvida-Manual-12-24.pdf,https://www.affix.com.br/wp-content/uploads/2019/02/Affix-PE-IPOJUCA-Hapvida-Manual-12-24.pdf,affix prefeitura ipojuca hapvida manual setor publico pernambuco pe
Affix-Prefeitura-ITAMARACA-Hapvida-Manual-09-24.pdf,https://www.affix.com.br/wp-content/uploads/2019/02/Affix-PE-ITAMARACA-Hapvida-Manual-09-24.pdf,affix prefeitura itamaraca hapvida manual setor publico pernambuco pe
Affix-PrefeituraE-OLINDA-Hapvida-Manual-12-24.pdf,https://www.affix.com.br/wp-content/uploads/2019/02/Affix-PE-OLINDA-Hapvida-Manual-12-24.pdf,affix prefeitura olinda hapvida manual setor publico pernambuco pe
Affix-Prefeitura-PAULISTA-Manual-05-24.pdf,https://www.affix.com.br/wp-content/uploads/2019/02/Affix-PE-PAULISTA-Manual-05-24.pdf,affix prefeitura paulista hapvida manual setor publico pernambuco pe
Affix-Prefeitura-POMBOS-Hapvida-Manual-10-24.pdf,https://www.affix.com.br/wp-content/uploads/2019/02/Affix-PE-POMBOS-Hapvida-Manual-10-24.pdf,affix prefeitura pombos hapvida manual setor publico pernambuco pe
Affix-Prefeitura-RECIFE-Hapvida-Manual-10-24.pdf,https://www.affix.com.br/wp-content/uploads/2019/02/Affix-PE-RECIFE-Hapvida-Manual-10-24.pdf,affix prefeitura recife hapvida manual setor publico pernambuco pe
Affix-PrefeituraE-JABOATAO-DOS-GUARARAPES-Hapvida-Manual-03-25.pdf,https://www.affix.com.br/wp-content/uploads/2019/02/Affix-PE-JABOATAO-DOS-GUARARAPES-Hapvida-Manual-03-25.pdf,affix prefeitura jaboatao dos guararapes hapvida manual setor publico pernambuco pe
Affix-Prefeitura-SAO-LOURENCO-DA-MATA-Hapvida-Manual-06-25.pdf,https://www.affix.com.br/wp-content/uploads/2019/02/Affix-PE-SAO-LOURENCO-DA-MATA-Hapvida-Manual-06-25.pdf,affix prefeitura sao lourenco da mata hapvida manual setor publico pernambuco pe
Affix-Prefeitura-VITORIA-DE-SANTO-ANTAO-Hapvida-Manual-08-24.pdf,https://www.affix.com.br/wp-content/uploads/2019/02/Affix-PE-VITORIA-DE-SANTO-ANTAO-Hapvida-Manual-08-24.pdf,affix prefeitura vitoria de santo antao hapvida manual setor publico pernambuco pe
Affix-Hapvida-AD-Manual-TERESINA-10-25-1.pdf,https://www.affix.com.br/wp-content/uploads/2019/04/Affix-Hapvida-AD-Manual-TERESINA-10-25-1.pdf,affix hapvida adesao ad manual vendas teresina piaui pi corretor
Affix-PME-Hapvida-Manual-Corretor-TERESINA-DESCONTO-10-25.pdf,https://www.affix.com.br/wp-content/uploads/2018/04/Affix-PME-Hapvida-Manual-Corretor-TERESINA-DESCONTO-10-25.pdf,affix pme empresas hapvida manual corretor vendas teresina piaui pi desconto
Affix-Hapvida-AD-Manual-CAMPINA-GRANDE-10-25.pdf,https://www.affix.com.br/wp-content/uploads/2019/02/Affix-Hapvida-AD-Manual-CAMPINA-GRANDE-10-25.pdf,affix hapvida adesao ad manual vendas campina grande paraiba pb corretor
Affix-Hapvida-AD-Manual-JOAO-PESSOA-10-25.pdf,https://www.affix.com.br/wp-content/uploads/2019/02/Affix-Hapvida-AD-Manual-JOAO-PESSOA-10-25.pdf,affix hapvida adesao ad manual vendas joao pessoa paraiba pb corretor
Affix-PME-Hapvida-Manual-Corretor-CAMPINA-GRANDE-DESCONTO-10-25.pdf,https://www.affix.com.br/wp-content/uploads/2019/02/Affix-PME-Hapvida-Manual-Corretor-CAMPINA-GRANDE-DESCONTO-10-25.pdf,affix pme empresas hapvida manual corretor vendas campina grande paraiba pb desconto
Affix-PME-Hapvida-Manual-Corretor-JOAO-PESSOA-DESCONTO-10-25.pdf,https://www.affix.com.br/wp-content/uploads/2019/02/Affix-PME-Hapvida-Manual-Corretor-JOAO-PESSOA-DESCONTO-10-25.pdf,affix pme empresas hapvida manual corretor vendas joao pessoa paraiba pb desconto
Affix-PB-Hapvida-Corpo de Bombeiros da Paraíba-Manual-08-24.pdf,https://www.affix.com.br/wp-content/uploads/2019/02/Affix-PB-Hapvida-Bombeiros-Manual-08-24.pdf,affix pb paraiba hapvida corpo bombeiros manual setor publico joao pessoa campina grande
Affix-PB-Hapvida-Polícia Civil da Paraíba-Manual-03-25.pdf,https://www.affix.com.br/wp-content/uploads/2019/02/Affix-PB-Hapvida-Policia-Civil-PB-Manual-03-25.pdf,affix pb paraiba hapvida policia civil manual setor publico joao pessoa campina grande
Affix-PB- Prefeitura de Cabedelo-Hapvida-Manual-11-24.pdf,https://www.affix.com.br/wp-content/uploads/2019/02/Affix-PB-Cabedelo-Hapvida-Manual-11-24.pdf,affix pb paraiba prefeitura cabedelo hapvida manual setor publico
Affix-PB-Hapvida-Prefeitura de Conde-Manual-10-25-1.pdf,https://www.affix.com.br/wp-content/uploads/2019/02/Affix-PB-Hapvida-PREF-CONDE-Manual-10-25-1.pdf,affix pb paraiba hapvida prefeitura conde manual setor publico
Affix-PB-Hapvida-Prefeitura de João Pessoa-Manual-06-25.pdf,https://www.affix.com.br/wp-content/uploads/2019/02/Affix-PB-Hapvida-PREF-JOAO-PESSOA-Manual-06-25.pdf,affix pb paraiba hapvida prefeitura joao pessoa manual setor publico
Affix-PB-Prefeitura de Santa Rita-Hapvida-Manual-04-24-1.pdf,https://www.affix.com.br/wp-content/uploads/2019/02/Affix-PB-Sta-Rita-Hapvida-Manual-04-24-1.pdf,affix pb paraiba prefeitura santa rita hapvida manual setor publico
Affix-RN-Humana-Manual-Corretor-GRUPO-1-08-25-2.pdf,https://www.affix.com.br/wp-content/uploads/2020/08/Affix-RN-Humana-Manual-Corretor-GRUPO-1-08-25-2.pdf,affix rn rio grande do norte humana manual corretor vendas grupo 1 adesao natal mossoro
Affix-RN-Humana-Manual-Corretor-GRUPO-2-08-25-2.pdf,https://www.affix.com.br/wp-content/uploads/2020/08/Affix-RN-Humana-Manual-Corretor-GRUPO-2-08-25-2.pdf,affix rn rio grande do norte humana manual corretor vendas grupo 2 adesao natal mossoro
Affix-RN-Humana-Manual-Corretor-GRUPO-3-08-25-2.pdf,https://www.affix.com.br/wp-content/uploads/2020/08/Affix-RN-Humana-Manual-Corretor-GRUPO-3-08-25-2.pdf,affix rn rio grande do norte humana manual corretor vendas grupo 3 adesao natal mossoro
Affix-Hapvida-AD-Manual-NATAL-10-25.pdf,https://www.affix.com.br/wp-content/uploads/2019/03/Affix-Hapvida-AD-Manual-NATAL-10-25.pdf,affix hapvida adesao ad manual vendas natal rio grande do norte rn corretor
Affix-Hapvida-AD-Manual-MOSSORO-10-25.pdf,https://www.affix.com.br/wp-content/uploads/2019/03/Affix-Hapvida-AD-Manual-MOSSORO-10-25.pdf,affix hapvida adesao ad manual vendas mossoro rio grande do norte rn corretor
Affix-PME-Hapvida-Manual-Corretor-NATAL-DESCONTO-10-25.pdf,https://www.affix.com.br/wp-content/uploads/2019/02/Affix-PME-Hapvida-Manual-Corretor-NATAL-DESCONTO-10-25.pdf,affix pme empresas hapvida manual corretor vendas natal rio grande do norte rn desconto
Affix-PME-Hapvida-Manual-Corretor-MOSSORO-DESCONTO-10-25.pdf,https://www.affix.com.br/wp-content/uploads/2019/02/Affix-PME-Hapvida-Manual-Corretor-MOSSORO-DESCONTO-10-25.pdf,affix pme empresas hapvida manual corretor vendas mossoro rio grande do norte rn desconto
Affix-RN-Prefeitura de Baraúna-Hapvida-Manual-03-24.pdf,https://www.affix.com.br/wp-content/uploads/2019/02/Affix-RN-Barauna-Hapvida-Manual-03-24.pdf,affix rn rio grande do norte prefeitura barauna hapvida manual setor publico
Affix-RN-Hapvida-Prefeitura de Macaíba-Manual-06-25.pdf,https://www.affix.com.br/wp-content/uploads/2019/02/Affix-RN-Hapvida-PREF-MACAIBA-Manual-06-25.pdf,affix rn rio grande do norte hapvida prefeitura macaiba manual setor publico
Affix-RN-Hapvida-Prefeitura de Mossoró-Manual-08-24.pdf,https://www.affix.com.br/wp-content/uploads/2019/02/Affix-RN-Hapvida-MOSSORO-Manual-08-24.pdf,affix rn rio grande do norte hapvida prefeitura mossoro manual setor publico
Affix-RN-Hapvida-Polícia Militar do Rio Grande do Norte-Manual-11-24.pdf,https://www.affix.com.br/wp-content/uploads/2019/02/Affix-RN-Hapvida-PM-Manual-11-24.pdf,affix rn rio grande do norte hapvida policia militar pm manual setor publico natal mossoro
Affix-Hapvida-AD-Manual-FORTALEZA-10-25.pdf,https://www.affix.com.br/wp-content/uploads/2019/02/Affix-Hapvida-AD-Manual-FORTALEZA-10-25.pdf,affix hapvida adesao ad manual vendas fortaleza ceara ce corretor
Affix-Hapvida-AD-Manual-JUAZEIRO-DO-NORTE-10-25.pdf,https://www.affix.com.br/wp-content/uploads/2019/02/Affix-Hapvida-AD-Manual-JUAZEIRO-DO-NORTE-10-25.pdf,affix hapvida adesao ad manual vendas juazeiro do norte ceara ce corretor
Affix-PME-Hapvida-Manual-Corretor-FORTALEZA-DESCONTO-10-25.pdf,https://www.affix.com.br/wp-content/uploads/2019/02/Affix-PME-Hapvida-Manual-Corretor-FORTALEZA-DESCONTO-10-25.pdf,affix pme empresas hapvida manual corretor vendas fortaleza ceara ce desconto
Affix-PME-Hapvida-Manual-Corretor-JUAZEIRO-DO-NORTE-DESCONTO-10-25.pdf,https://www.affix.com.br/wp-content/uploads/2019/02/Affix-PME-Hapvida-Manual-Corretor-JUAZEIRO-DO-NORTE-DESCONTO-10-25.pdf,affix pme empresas hapvida manual corretor vendas juazeiro do norte ceara ce desconto
Affix-PME-Hapvida-Manual-Corretor-FECOMERCIO-FORTALEZA-DESCONTO-10-25-1.pdf,https://www.affix.com.br/wp-content/uploads/2019/02/Affix-PME-Hapvida-Manual-Corretor-FECOMERCIO-FORTALEZA-DESCONTO-10-25-1.pdf,affix pme empresas hapvida manual corretor vendas fecomercio fortaleza ceara ce desconto
Affix-PME-Hapvida-Manual-Corretor-FECOMERCIO-JUAZEIRO-DO-NORTE-DESCONTO-10-25-1.pdf,https://www.affix.com.br/wp-content/uploads/2019/02/Affix-PME-Hapvida-Manual-Corretor-FECOMERCIO-JUAZEIRO-DO-NORTE-DESCONTO-10-25-1.pdf,affix pme empresas hapvida manual corretor vendas fecomercio juazeiro do norte ceara ce desconto
Affix-CE-Hapvida-AQUIRAZ-Manual-08-24.pdf,https://www.affix.com.br/wp-content/uploads/2019/02/Affix-CE-Hapvida-AQUIRAZ-Manual-08-24.pdf,affix ce ceara hapvida aquiraz manual setor publico prefeitura
Affix-CE-Hapvida-BEBERIBE-Manual-01-25.pdf,https://www.affix.com.br/wp-content/uploads/2019/02/Affix-CE-Hapvida-BEBERIBE-Manual-01-25.pdf,affix ce ceara hapvida beberibe manual setor publico prefeitura
Affix-CE-Hapvida-CAUCAIA-Manual-06-25.pdf,https://www.affix.com.br/wp-content/uploads/2019/02/Affix-CE-Hapvida-CAUCAIA-Manual-06-25.pdf,affix ce ceara hapvida caucaia manual setor publico prefeitura
Affix-CE-Hapvida-CHOROZINHO-Manual-01-25.pdf,https://www.affix.com.br/wp-content/uploads/2019/02/Affix-CE-Hapvida-CHOROZINHO-Manual-01-25.pdf,affix ce ceara hapvida chorozinho manual setor publico prefeitura
Affix-CE-Hapvida-PREFEITURA-FORTALEZA-Manual-09-25.pdf,https://www.affix.com.br/wp-content/uploads/2019/02/Affix-CE-Hapvida-PREFEITURA-FORTALEZA-Manual-09-25.pdf,affix ce ceara hapvida prefeitura fortaleza manual setor publico
Affix-CE-Hapvida-ITAITINGA-Manual-01-25.pdf,https://www.affix.com.br/wp-content/uploads/2019/02/Affix-CE-Hapvida-ITAITINGA-Manual-01-25.pdf,affix ce ceara hapvida itaitinga manual setor publico prefeitura
Affix-CE-Hapvida-Juazeiro-do-Norte-Manual-12-24.pdf,https://www.affix.com.br/wp-content/uploads/2019/02/Affix-CE-Hapvida-Juazeiro-do-Norte-Manual-12-24.pdf,affix ce ceara hapvida juazeiro do norte manual setor publico prefeitura
Affix-CE-Hapvida-MARACANAU-Manual-09-24.pdf,https://www.affix.com.br/wp-content/uploads/2019/02/Affix-CE-Hapvida-MARACANAU-Manual-09-24.pdf,affix ce ceara hapvida maracanau manual setor publico prefeitura
Affix-CE-Hapvida-PACAJUS-Manual-02-25.pdf,https://www.affix.com.br/wp-content/uploads/2019/02/Affix-CE-Hapvida-PACAJUS-Manual-02-25.pdf,affix ce ceara hapvida pacajus manual setor publico prefeitura
Affix-CE-Hapvida-PACATUBA-Manual-01-25.pdf,https://www.affix.com.br/wp-content/uploads/2019/02/Affix-CE-Hapvida-PACATUBA-Manual-01-25.pdf,affix ce ceara hapvida pacatuba manual setor publico prefeitura
Affix-CE-Hapvida-PARACURU-Manual-01-25.pdf,https://www.affix.com.br/wp-content/uploads/2019/02/Affix-CE-Hapvida-PARACURU-Manual-01-25.pdf,affix ce ceara hapvida paracuru manual setor publico prefeitura
Affix-CE-Hapvida-REDENCAO-Manual-01-25.pdf,https://www.affix.com.br/wp-content/uploads/2019/02/Affix-CE-Hapvida-REDENCAO-Manual-01-25.pdf,affix ce ceara hapvida redencao manual setor publico prefeitura
Alter-Hapvida-AD-MACEIO-Manual-DESCONTO-10-25.pdf,https://www.alter.com.br/wp-content/uploads/2023/04/Alter-Hapvida-AD-MACEIO-Manual-DESCONTO-10-25.pdf,alter hapvida adesao ad manual vendas maceio alagoas al desconto corretor
Alter-PME-Hapvida-Manual-MACEIO-DESCONTO-10-25.pdf,https://www.alter.com.br/wp-content/uploads/2023/04/Alter-PME-Hapvida-Manual-MACEIO-DESCONTO-10-25.pdf,alter pme empresas hapvida manual vendas maceio alagoas al desconto corretor
Alter-Hapvida-AD-MANAUS-Manual-DESCONTO-10-25.pdf,https://www.alter.com.br/wp-content/uploads/2023/03/Alter-Hapvida-AD-MANAUS-Manual-DESCONTO-10-25.pdf,alter hapvida adesao ad manual vendas manaus amazonas am desconto corretor
Alter-PME-Hapvida-Manual-MANAUS-DESCONTO-10-25.pdf,https://www.alter.com.br/wp-content/uploads/2023/03/Alter-PME-Hapvida-Manual-MANAUS-DESCONTO-10-25.pdf,alter pme empresas hapvida manual vendas manaus amazonas am desconto corretor
Alter-Hapvida-AD-CAMACARI-Manual-DESCONTO-10-25.pdf,https://www.alter.com.br/wp-content/uploads/2023/03/Alter-Hapvida-AD-CAMACARI-Manual-DESCONTO-10-25.pdf,alter hapvida adesao ad manual vendas camacari bahia ba desconto corretor
Alter-Hapvida-AD-FEIRA-DE-SANTANA-Manual-DESCONTO-10-25.pdf,https://www.alter.com.br/wp-content/uploads/2023/03/Alter-Hapvida-AD-FEIRA-DE-SANTANA-Manual-DESCONTO-10-25.pdf,alter hapvida adesao ad manual vendas feira de santana bahia ba desconto corretor
Alter-Hapvida-AD-SALVADOR-Manual-DESCONTO-10-25.pdf,https://www.alter.com.br/wp-content/uploads/2023/03/Alter-Hapvida-AD-SALVADOR-Manual-DESCONTO-10-25.pdf,alter hapvida adesao ad manual vendas salvador bahia ba desconto corretor
Alter-PME-Hapvida-Manual-CAMACARI-DESCONTO-10-25.pdf,https://www.alter.com.br/wp-content/uploads/2023/03/Alter-PME-Hapvida-Manual-CAMACARI-DESCONTO-10-25.pdf,alter pme empresas hapvida manual vendas camacari bahia ba desconto corretor
Alter-PME-Hapvida-Manual-FEIRA-DE-SANTANA-DESCONTO-10-25.pdf,https://www.alter.com.br/wp-content/uploads/2023/03/Alter-PME-Hapvida-Manual-FEIRA-DE-SANTANA-DESCONTO-10-25.pdf,alter pme empresas hapvida manual vendas feira de santana bahia ba desconto corretor
Alter-PME-Hapvida-Manual-SALVADOR-DESCONTO-10-25.pdf,https://www.alter.com.br/wp-content/uploads/2023/03/Alter-PME-Hapvida-Manual-SALVADOR-DESCONTO-10-25.pdf,alter pme empresas hapvida manual vendas salvador bahia ba desconto corretor
Alter-Hapvida-AD-FORTALEZA-Manual-DESCONTO-10-25.pdf,https://www.alter.com.br/wp-content/uploads/2023/04/Alter-Hapvida-AD-FORTALEZA-Manual-DESCONTO-10-25.pdf,alter hapvida adesao ad manual vendas fortaleza ceara ce desconto corretor
Alter-Hapvida-AD-JUAZEIRO-DO-NORTE-Manual-DESCONTO-10-25.pdf,https://www.alter.com.br/wp-content/uploads/2023/04/Alter-Hapvida-AD-JUAZEIRO-DO-NORTE-Manual-DESCONTO-10-25.pdf,alter hapvida adesao ad manual vendas juazeiro do norte ceara ce desconto corretor
Alter-PME-Hapvida-Manual-FORTALEZA-DESCONTO-10-25.pdf,https://www.alter.com.br/wp-content/uploads/2023/04/Alter-PME-Hapvida-Manual-FORTALEZA-DESCONTO-10-25.pdf,alter pme empresas hapvida manual vendas fortaleza ceara ce desconto corretor
Alter-PME-Hapvida-Manual-JUAZEIRO-DO-NORTE-DESCONTO-10-25.pdf,https://www.alter.com.br/wp-content/uploads/2023/04/Alter-PME-Hapvida-Manual-JUAZEIRO-DO-NORTE-DESCONTO-10-25.pdf,alter pme empresas hapvida manual vendas juazeiro do norte ceara ce desconto corretor
Alter-Hapvida-AD-BRASILIA-Manual-DESCONTO-10-25.pdf,https://www.alter.com.br/wp-content/uploads/2023/04/Alter-Hapvida-AD-BRASILIA-Manual-DESCONTO-10-25.pdf,alter hapvida adesao ad manual vendas brasilia distrito federal df desconto corretor
Alter-PME-Hapvida-Manual-BRASILIA-DESCONTO-10-25.pdf,https://www.alter.com.br/wp-content/uploads/2023/04/Alter-PME-Hapvida-Manual-BRASILIA-DESCONTO-10-25.pdf,alter pme empresas hapvida manual vendas brasilia distrito federal df desconto corretor
Alter-Hapvida-AD-ANAPOLIS-Manual-DESCONTO-10-25.pdf,https://www.alter.com.br/wp-content/uploads/2023/04/Alter-Hapvida-AD-ANAPOLIS-Manual-DESCONTO-10-25.pdf,alter hapvida adesao ad manual vendas anapolis goias go desconto corretor
Alter-Hapvida-AD-GOIANIA-Manual-DESCONTO-10-25.pdf,https://www.alter.com.br/wp-content/uploads/2023/04/Alter-Hapvida-AD-GOIANIA-Manual-DESCONTO-10-25.pdf,alter hapvida adesao ad manual vendas goiania goias go desconto corretor
Alter-PME-Hapvida-Manual-ANAPOLIS-DESCONTO-10-25.pdf,https://www.alter.com.br/wp-content/uploads/2023/04/Alter-PME-Hapvida-Manual-ANAPOLIS-DESCONTO-10-25.pdf,alter pme empresas hapvida manual vendas anapolis goias go desconto corretor
Alter-PME-Hapvida-Manual-GOIANIA-DESCONTO-10-25.pdf,https://www.alter.com.br/wp-content/uploads/2023/04/Alter-PME-Hapvida-Manual-GOIANIA-DESCONTO-10-25.pdf,alter pme empresas hapvida manual vendas goiania goias go desconto corretor
Alter-Hapvida-AD-SAO-LUIS-Manual-DESCONTO-10-25.pdf,https://www.alter.com.br/wp-content/uploads/2023/04/Alter-Hapvida-AD-SAO-LUIS-Manual-DESCONTO-10-25.pdf,alter hapvida adesao ad manual vendas sao luis maranhao ma desconto corretor
Alter-PME-Hapvida-Manual-SAO-LUIS-DESCONTO-10-25.pdf,https://www.alter.com.br/wp-content/uploads/2023/04/Alter-PME-Hapvida-Manual-SAO-LUIS-DESCONTO-10-25.pdf,alter pme empresas hapvida manual vendas sao luis maranhao ma desconto corretor
Alter-Hapvida-AD-CUIABA-ENTIDADES-ESTADUAIS-Manual-DESCONTO-10-25.pdf,https://www.alter.com.br/wp-content/uploads/2025/02/Alter-Hapvida-AD-CUIABA-ENTIDADES-ESTADUAIS-Manual-DESCONTO-10-25.pdf,alter hapvida adesao ad cuiaba entidades estaduais manual desconto mato grosso mt corretor
Alter-Hapvida-AD-CUIABA-ENTIDADES-NACIONAIS-Manual-DESCONTO-10-25.pdf,https://www.alter.com.br/wp-content/uploads/2025/02/Alter-Hapvida-AD-CUIABA-ENTIDADES-NACIONAIS-Manual-DESCONTO-10-25.pdf,alter hapvida adesao ad cuiaba entidades nacionais manual desconto mato grosso mt corretor
Alter-Hapvida-AD-RONDONOPOLIS-ENTIDADES-ESTADUAIS-Manual-DESCONTO-10-25.pdf,https://www.alter.com.br/wp-content/uploads/2025/02/Alter-Hapvida-AD-RONDONOPOLIS-ENTIDADES-ESTADUAIS-Manual-DESCONTO-10-25.pdf,alter hapvida adesao ad rondonopolis entidades estaduais manual desconto mato grosso mt corretor
Alter-Hapvida-AD-RONDONOPOLIS-ENTIDADES-NACIONAIS-Manual-DESCONTO-10-25.pdf,https://www.alter.com.br/wp-content/uploads/2025/02/Alter-Hapvida-AD-RONDONOPOLIS-ENTIDADES-NACIONAIS-Manual-DESCONTO-10-25.pdf,alter hapvida adesao ad rondonopolis entidades nacionais manual desconto mato grosso mt corretor
Alter-PME-Hapvida-Manual-CUIABA-DESCONTO-10-25.pdf,https://www.alter.com.br/wp-content/uploads/2025/02/Alter-PME-Hapvida-Manual-CUIABA-DESCONTO-10-25.pdf,alter pme empresas hapvida manual cuiaba mato grosso mt desconto corretor vendas
Alter-PME-Hapvida-Manual-RONDONOPOLIS-DESCONTO-10-25.pdf,https://www.alter.com.br/wp-content/uploads/2025/02/Alter-PME-Hapvida-Manual-RONDONOPOLIS-DESCONTO-10-25.pdf,alter pme empresas hapvida manual rondonopolis mato grosso mt desconto corretor vendas
Alter-Hapvida-AD-CAMPO-GRANDE-Manual-DESCONTO-10-25.pdf,https://www.alter.com.br/wp-content/uploads/2023/04/Alter-Hapvida-AD-CAMPO-GRANDE-Manual-DESCONTO-10-25.pdf,alter hapvida adesao ad manual vendas campo grande mato grosso do sul ms desconto corretor
Alter-Hapvida-AD-DOURADOS-Manual-DESCONTO-10-25.pdf,https://www.alter.com.br/wp-content/uploads/2023/04/Alter-Hapvida-AD-DOURADOS-Manual-DESCONTO-10-25.pdf,alter hapvida adesao ad manual vendas dourados mato grosso do sul ms desconto corretor
Alter-Hapvida-AD-TRES-LAGOAS-Manual-DESCONTO-10-25.pdf,https://www.alter.com.br/wp-content/uploads/2023/04/Alter-Hapvida-AD-TRES-LAGOAS-Manual-DESCONTO-10-25.pdf,alter hapvida adesao ad manual vendas tres lagoas mato grosso do sul ms desconto corretor
Alter-PME-Hapvida-Manual-CAMPO-GRANDE-DESCONTO-10-25.pdf,https://www.alter.com.br/wp-content/uploads/2023/04/Alter-PME-Hapvida-Manual-CAMPO-GRANDE-DESCONTO-10-25.pdf,alter pme empresas hapvida manual vendas campo grande mato grosso do sul ms desconto corretor
Alter-PME-Hapvida-Manual-DOURADOS-DESCONTO-10-25.pdf,https://www.alter.com.br/wp-content/uploads/2023/04/Alter-PME-Hapvida-Manual-DOURADOS-DESCONTO-10-25.pdf,alter pme empresas hapvida manual vendas dourados mato grosso do sul ms desconto corretor
Alter-PME-Hapvida-Manual-TRES-LAGOAS-DESCONTO-10-25.pdf,https://www.alter.com.br/wp-content/uploads/2023/04/Alter-PME-Hapvida-Manual-TRES-LAGOAS-DESCONTO-10-25.pdf,alter pme empresas hapvida manual vendas tres lagoas mato grosso do sul ms desconto corretor
Alter-Hapvida-AD-BELO-HORIZONTE-Manual-DESCONTO-10-25.pdf,https://www.alter.com.br/wp-content/uploads/2023/04/Alter-Hapvida-AD-BELO-HORIZONTE-Manual-DESCONTO-10-25.pdf,alter hapvida adesao ad manual vendas belo horizonte bh minas gerais mg desconto corretor
Alter-Hapvida-AD-UBERLANDIA-Manual-DESCONTO-10-25.pdf,https://www.alter.com.br/wp-content/uploads/2023/04/Alter-Hapvida-AD-UBERLANDIA-Manual-DESCONTO-10-25.pdf,alter hapvida adesao ad manual vendas uberlandia minas gerais mg desconto corretor
Alter-Hapvida-AD-UBERABA-Manual-DESCONTO-10-25.pdf,https://www.alter.com.br/wp-content/uploads/2023/04/Alter-Hapvida-AD-UBERABA-Manual-DESCONTO-10-25.pdf,alter hapvida adesao ad manual vendas uberaba minas gerais mg desconto corretor
Alter-PME-Hapvida-Manual-BELO-HORIZONTE-DESCONTO-10-25.pdf,https://www.alter.com.br/wp-content/uploads/2023/04/Alter-PME-Hapvida-Manual-BELO-HORIZONTE-DESCONTO-10-25.pdf,alter pme empresas hapvida manual vendas belo horizonte bh minas gerais mg desconto corretor
Alter-PME-Hapvida-Manual-UBERLANDIA-DESCONTO-10-25.pdf,https://www.alter.com.br/wp-content/uploads/2023/04/Alter-PME-Hapvida-Manual-UBERLANDIA-DESCONTO-10-25.pdf,alter pme empresas hapvida manual vendas uberlandia minas gerais mg desconto corretor
Alter-PME-Hapvida-Manual-UBERABA-DESCONTO-10-25.pdf,https://www.alter.com.br/wp-content/uploads/2023/04/Alter-PME-Hapvida-Manual-UBERABA-DESCONTO-10-25.pdf,alter pme empresas hapvida manual vendas uberaba minas gerais mg desconto corretor
Alter-Hapvida-AD-BELEM-Manual-DESCONTO-10-25.pdf,https://www.alter.com.br/wp-content/uploads/2023/04/Alter-Hapvida-AD-BELEM-Manual-DESCONTO-10-25.pdf,alter hapvida adesao ad manual vendas belem para pa desconto corretor
Alter-Hapvida-AD-PARAUAPEBAS-Manual-DESCONTO-10-25.pdf,https://www.alter.com.br/wp-content/uploads/2023/04/Alter-Hapvida-AD-PARAUAPEBAS-Manual-DESCONTO-10-25.pdf,alter hapvida adesao ad manual vendas parauapebas para pa desconto corretor
Alter-PME-Hapvida-Manual-BELEM-DESCONTO-10-25.pdf,https://www.alter.com.br/wp-content/uploads/2023/04/Alter-PME-Hapvida-Manual-BELEM-DESCONTO-10-25.pdf,alter pme empresas hapvida manual vendas belem para pa desconto corretor
Alter-PME-Hapvida-Manual-PARAUAPEBAS-DESCONTO-10-25.pdf,https://www.alter.com.br/wp-content/uploads/2023/04/Alter-PME-Hapvida-Manual-PARAUAPEBAS-DESCONTO-10-25.pdf,alter pme empresas hapvida manual vendas parauapebas para pa desconto corretor
Alter-Hapvida-AD-CAMPINA-GRANDE-Manual-DESCONTO-10-25.pdf,https://www.alter.com.br/wp-content/uploads/2023/04/Alter-Hapvida-AD-CAMPINA-GRANDE-Manual-DESCONTO-10-25.pdf,alter hapvida adesao ad manual vendas campina grande paraiba pb desconto corretor
Alter-Hapvida-AD-JOAO-PESSOA-Manual-DESCONTO-10-25.pdf,https://www.alter.com.br/wp-content/uploads/2023/04/Alter-Hapvida-AD-JOAO-PESSOA-Manual-DESCONTO-10-25.pdf,alter hapvida adesao ad manual vendas joao pessoa paraiba pb desconto corretor
Alter-PME-Hapvida-Manual-CAMPINA-GRANDE-DESCONTO-10-25.pdf,https://www.alter.com.br/wp-content/uploads/2023/04/Alter-PME-Hapvida-Manual-CAMPINA-GRANDE-DESCONTO-10-25.pdf,alter pme empresas hapvida manual vendas campina grande paraiba pb desconto corretor
Alter-PME-Hapvida-Manual-JOAO-PESSOA-DESCONTO-10-25.pdf,https://www.alter.com.br/wp-content/uploads/2023/04/Alter-PME-Hapvida-Manual-JOAO-PESSOA-DESCONTO-10-25.pdf,alter pme empresas hapvida manual vendas joao pessoa paraiba pb desconto corretor
Alter-PR-Hapvida-Clinipam-Curitiba-Manual-09-25.pdf,https://www.alter.com.br/wp-content/uploads/2024/10/Alter-PR-Hapvida-Clinipam-Curitiba-Manual-09-25.pdf,alter pr parana hapvida clinipam curitiba manual adesao pme vendas corretor
Alter-PR-Hapvida-Clinipam-Londrina-Manual-09-25.pdf,https://www.alter.com.br/wp-content/uploads/2024/10/Alter-PR-Hapvida-Clinipam-Londrina-Manual-09-25.pdf,alter pr parana hapvida clinipam londrina manual adesao pme vendas corretor
Alter-Hapvida-AD-RECIFE-Manual-DESCONTO-10-25.pdf,https://www.alter.com.br/wp-content/uploads/2023/04/Alter-Hapvida-AD-RECIFE-Manual-DESCONTO-10-25.pdf,alter hapvida adesao ad manual vendas recife pernambuco pe desconto corretor
Alter-PME-Hapvida-Manual-RECIFE-DESCONTO-10-25.pdf,http://alter.com.br/wp-content/uploads/2023/04/Alter-PME-Hapvida-Manual-RECIFE-DESCONTO-10-25.pdf,alter pme empresas hapvida manual vendas recife pernambuco pe desconto corretor
Alter-Hapvida-AD-TERESINA-Manual-DESCONTO-10-25-1.pdf,https://www.alter.com.br/wp-content/uploads/2023/04/Alter-Hapvida-AD-TERESINA-Manual-DESCONTO-10-25-1.pdf,alter hapvida adesao ad manual vendas teresina piaui pi desconto corretor
Alter-PME-Hapvida-Manual-TERESINA-DESCONTO-10-25-1.pdf,https://www.alter.com.br/wp-content/uploads/2023/04/Alter-PME-Hapvida-Manual-TERESINA-DESCONTO-10-25-1.pdf,alter pme empresas hapvida manual vendas teresina piaui pi desconto corretor
Alter-PME-Hapvida-NDI-RIO-DE-JANEIRO-Manual-08-25B.pdf,https://www.alter.com.br/wp-content/uploads/2025/08/Alter-PME-Hapvida-NDI-RIO-DE-JANEIRO-Manual-08-25B.pdf,alter pme empresas hapvida ndi notredame rio de janeiro rj capital manual vendas corretor
Alter-RJ-Hapvida-NDI-TAB-ABERTA-Manual-08-25.pdf,https://www.alter.com.br/wp-content/uploads/2025/08/Alter-RJ-Hapvida-NDI-TAB-ABERTA-Manual-08-25.pdf,alter rj rio de janeiro hapvida ndi notredame tabela aberta manual adesao vendas corretor
Alter-RJ-Hapvida-NDI-TAB-FECHADA-Manual-08-25.pdf,https://www.alter.com.br/wp-content/uploads/2025/08/Alter-RJ-Hapvida-NDI-TAB-FECHADA-Manual-08-25.pdf,alter rj rio de janeiro hapvida ndi notredame tabela fechada manual adesao vendas corretor
Alter-RJ-Hapvida-NDI-TAB-FECHADA-ESTUDANTIL-Manual-08-25.pdf,https://www.alter.com.br/wp-content/uploads/2025/08/Alter-RJ-Hapvida-NDI-TAB-FECHADA-ESTUDANTIL-Manual-08-25.pdf,alter rj rio de janeiro hapvida ndi notredame tabela fechada estudantil estudante manual adesao vendas corretor
Alter-Hapvida-AD-MOSSORO-Manual-DESCONTO-10-25.pdf,https://www.alter.com.br/wp-content/uploads/2023/04/Alter-Hapvida-AD-MOSSORO-Manual-DESCONTO-10-25.pdf,alter hapvida adesao ad manual vendas mossoro rio grande do norte rn desconto corretor
Alter-Hapvida-AD-NATAL-Manual-DESCONTO-10-25.pdf,https://www.alter.com.br/wp-content/uploads/2023/04/Alter-Hapvida-AD-NATAL-Manual-DESCONTO-10-25.pdf,alter hapvida adesao ad manual vendas natal rio grande do norte rn desconto corretor
Alter-PME-Hapvida-Manual-MOSSORO-DESCONTO-10-25.pdf,https://www.alter.com.br/wp-content/uploads/2023/04/Alter-PME-Hapvida-Manual-MOSSORO-DESCONTO-10-25.pdf,alter pme empresas hapvida manual vendas mossoro rio grande do norte rn desconto corretor
Alter-PME-Hapvida-Manual-NATAL-DESCONTO-10-25.pdf,https://www.alter.com.br/wp-content/uploads/2023/04/Alter-PME-Hapvida-Manual-NATAL-DESCONTO-10-25.pdf,alter pme empresas hapvida manual vendas natal rio grande do norte rn desconto corretor
Alter-SC-Hapvida-Clinipam-Balneario-Camboriu-Manual-09-25.pdf,https://www.alter.com.br/wp-content/uploads/2024/10/Alter-SC-Hapvida-Clinipam-Balneario-Camboriu-Manual-09-25.pdf,alter sc santa catarina hapvida clinipam balneario camboriu manual adesao pme vendas corretor
Alter-Hapvida-AD-JOINVILLE-Manual-DESCONTO-10-25.pdf,https://www.alter.com.br/wp-content/uploads/2023/04/Alter-Hapvida-AD-JOINVILLE-Manual-DESCONTO-10-25.pdf,alter hapvida adesao ad manual vendas joinville santa catarina sc desconto corretor
Alter-PME-Hapvida-Manual-JOINVILLE-DESCONTO-10-25.pdf,https://www.alter.com.br/wp-content/uploads/2023/04/Alter-PME-Hapvida-Manual-JOINVILLE-DESCONTO-10-25.pdf,alter pme empresas hapvida manual vendas joinville santa catarina sc desconto corretor
Alter-SP-Hapvida-NDI-Manual-TAB-ABERTA-08-25.pdf,https://www.alter.com.br/wp-content/uploads/2025/08/Alter-SP-Hapvida-NDI-Manual-TAB-ABERTA-08-25.pdf,alter sp sao paulo hapvida ndi notredame manual tabela aberta adesao vendas corretor
Alter-SP-Hapvida-NDI-Manual-TAB-FECHADA-08-25.pdf,https://www.alter.com.br/wp-content/uploads/2025/08/Alter-SP-Hapvida-NDI-Manual-TAB-FECHADA-08-25.pdf,alter sp sao paulo hapvida ndi notredame manual tabela fechada adesao vendas corretor
Alter-SP-Hapvida-NDI-Manual-TAB-FECHADA-ESTUDANTIL-08-25.pdf,https://www.alter.com.br/wp-content/uploads/2025/08/Alter-SP-Hapvida-NDI-Manual-TAB-FECHADA-ESTUDANTIL-08-25.pdf,alter sp sao paulo hapvida ndi notredame manual tabela fechada estudantil estudante adesao vendas corretor
Alter-PME-Hapvida-NDI-SAO-PAULO-Manual-08-25B.pdf,https://www.alter.com.br/wp-content/uploads/2025/08/Alter-PME-Hapvida-NDI-SAO-PAULO-Manual-08-25B.pdf,alter pme empresas hapvida ndi notredame sao paulo sp capital manual vendas corretor
Alter-PME-Hapvida-NDI-REGIONAL-Manual-08-25B.pdf,https://www.alter.com.br/wp-content/uploads/2025/08/Alter-PME-Hapvida-NDI-REGIONAL-Manual-08-25B.pdf,alter pme empresas hapvida ndi notredame regional sp sao paulo manual vendas corretor
Alter-Hapvida-AD-ARARAQUARA-Manual-DESCONTO-10-25.pdf,https://www.alter.com.br/wp-content/uploads/2023/04/Alter-Hapvida-AD-ARARAQUARA-Manual-DESCONTO-10-25.pdf,alter hapvida adesao ad manual vendas araraquara sp sao paulo desconto corretor
Alter-Hapvida-AD-BAURU-Manual-DESCONTO-10-25-1.pdf,https://www.alter.com.br/wp-content/uploads/2023/04/Alter-Hapvida-AD-BAURU-Manual-DESCONTO-10-25-1.pdf,alter hapvida adesao ad manual vendas bauru sp sao paulo desconto corretor
Alter-Hapvida-AD-FRANCA-Manual-DESCONTO-10-25.pdf,https://www.alter.com.br/wp-content/uploads/2023/04/Alter-Hapvida-AD-FRANCA-Manual-DESCONTO-10-25.pdf,alter hapvida adesao ad manual vendas franca sp sao paulo desconto corretor
Alter-Hapvida-AD-LIMEIRA-Manual-DESCONTO-10-25.pdf,https://www.alter.com.br/wp-content/uploads/2023/04/Alter-Hapvida-AD-LIMEIRA-Manual-DESCONTO-10-25.pdf,alter hapvida adesao ad manual vendas limeira sp sao paulo desconto corretor
Alter-Hapvida-AD-LINS-Manual-DESCONTO-10-25.pdf,https://www.alter.com.br/wp-content/uploads/2023/04/Alter-Hapvida-AD-LINS-Manual-DESCONTO-10-25.pdf,alter hapvida adesao ad manual vendas lins sp sao paulo desconto corretor
Alter-Hapvida-AD-RIBEIRAO-PRETO-Manual-DESCONTO-10-25.pdf,https://www.alter.com.br/wp-content/uploads/2023/04/Alter-Hapvida-AD-RIBEIRAO-PRETO-Manual-DESCONTO-10-25.pdf,alter hapvida adesao ad manual vendas ribeirao preto sp sao paulo desconto corretor
Alter-Hapvida-AD-SAO-JOSE-DOS-CAMPOS-Manual-DESCONTO-10-25.pdf,https://www.alter.com.br/wp-content/uploads/2023/04/Alter-Hapvida-AD-SAO-JOSE-DOS-CAMPOS-Manual-DESCONTO-10-25.pdf,alter hapvida adesao ad manual vendas sao jose dos campos sjc sp sao paulo desconto corretor
Alter-Hapvida-AD-SERTAOZINHO-Manual-DESCONTO-10-25.pdf,https://www.alter.com.br/wp-content/uploads/2023/04/Alter-Hapvida-AD-SERTAOZINHO-Manual-DESCONTO-10-25.pdf,alter hapvida adesao ad manual vendas sertaozinho sp sao paulo desconto corretor
Alter-PME-Hapvida-Manual-ARARAQUARA-DESCONTO-10-25.pdf,https://www.alter.com.br/wp-content/uploads/2023/04/Alter-PME-Hapvida-Manual-ARARAQUARA-DESCONTO-10-25.pdf,alter pme empresas hapvida manual vendas araraquara sp sao paulo desconto corretor
Alter-PME-Hapvida-Manual-BAURU-DESCONTO-10-25.pdf,https://www.alter.com.br/wp-content/uploads/2023/04/Alter-PME-Hapvida-Manual-BAURU-DESCONTO-10-25.pdf,alter pme empresas hapvida manual vendas bauru sp sao paulo desconto corretor
Alter-PME-Hapvida-Manual-FRANCA-DESCONTO-10-25.pdf,https://www.alter.com.br/wp-content/uploads/2023/04/Alter-PME-Hapvida-Manual-FRANCA-DESCONTO-10-25.pdf,alter pme empresas hapvida manual vendas franca sp sao paulo desconto corretor
Alter-PME-Hapvida-Manual-LIMEIRA-DESCONTO-10-25.pdf,https://www.alter.com.br/wp-content/uploads/2023/04/Alter-PME-Hapvida-Manual-LIMEIRA-DESCONTO-10-25.pdf,alter pme empresas hapvida manual vendas limeira sp sao paulo desconto corretor
Alter-PME-Hapvida-Manual-LINS-DESCONTO-10-25.pdf,https://www.alter.com.br/wp-content/uploads/2023/04/Alter-PME-Hapvida-Manual-LINS-DESCONTO-10-25.pdf,alter pme empresas hapvida manual vendas lins sp sao paulo desconto corretor
Alter-PME-Hapvida-Manual-RIBEIRAO-PRETO-DESCONTO-10-25.pdf,https://www.alter.com.br/wp-content/uploads/2023/04/Alter-PME-Hapvida-Manual-RIBEIRAO-PRETO-DESCONTO-10-25.pdf,alter pme empresas hapvida manual vendas ribeirao preto sp sao paulo desconto corretor
Alter-PME-Hapvida-Manual-SAO-JOSE-DOS-CAMPOS-DESCONTO-10-25.pdf,https://www.alter.com.br/wp-content/uploads/2023/04/Alter-PME-Hapvida-Manual-SAO-JOSE-DOS-CAMPOS-DESCONTO-10-25.pdf,alter pme empresas hapvida manual vendas sao jose dos campos sjc sp sao paulo desconto corretor
Alter-PME-Hapvida-Manual-SERTAOZINHO-DESCONTO-10-25.pdf,https://www.alter.com.br/wp-content/uploads/2023/04/Alter-PME-Hapvida-Manual-SERTAOZINHO-DESCONTO-10-25.pdf,alter pme empresas hapvida manual vendas sertaozinho sp sao paulo desconto corretor
Alter-PME-Hapvida-Manual-ARACAJU-DESCONTO-10-25.pdf,https://www.alter.com.br/wp-content/uploads/2023/04/Alter-PME-Hapvida-Manual-ARACAJU-DESCONTO-10-25.pdf,alter pme empresas hapvida manual vendas aracaju sergipe se desconto corretor
Affix-PME-Hapvida-Termo-Adesao-PME-11-22.pdf,https://migracao.affix.com.br/wp-content/uploads/2021/03/Affix-PME-Hapvida-Termo-Adesao-PME-11-22.pdf,affix pme empresas hapvida termo adesao geral brasil
Affix-PME-Hapvida-Termo-Adesao-ABCFARMA-11-22.pdf,https://migracao.affix.com.br/wp-content/uploads/2020/05/Affix-PME-Hapvida-Termo-Adesao-ABCFARMA-11-22.pdf,affix pme empresas hapvida termo adesao abcfarma geral brasil
Affix-PME-Hapvida-Termo-Adesao-CAESBRA-11-22.pdf,https://migracao.affix.com.br/wp-content/uploads/2021/03/Affix-PME-Hapvida-Termo-Adesao-CAESBRA-11-22.pdf,affix pme empresas hapvida termo adesao caesbra geral brasil
Affix-PME-Hapvida-Termo-Adesao-SINDILOJAS-11-22.pdf,https://migracao.affix.com.br/wp-content/uploads/2019/02/Affix-PME-Hapvida-Termo-Adesao-SINDILOJAS-11-22.pdf,affix pme empresas hapvida termo adesao sindilojas geral brasil pa pe se ba
Affix-MA-Unimed-Maranhao-Sul-Termo-Adesao-ACII-06-21.pdf,https://migracao.affix.com.br/wp-content/uploads/2019/02/Affix-MA-Unimed-Maranhao-Sul-Termo-Adesao-ACII-06-21.pdf,affix ma maranhao unimed maranhao do sul termo adesao acii pme empresas
Affix-PME-Hapvida-Termo-Adesao-FECOMERCIO-11-22.pdf,https://migracao.affix.com.br/wp-content/uploads/2019/02/Affix-PME-Hapvida-Termo-Adesao-FECOMERCIO-11-22.pdf,affix pme empresas hapvida termo adesao fecomercio geral brasil ce ba se
Affix-Hapvida-Termo-Adesao-PME-01.08.2025.pdf,https://migracao.affix.com.br/wp-content/uploads/2019/02/Affix-Hapvida-Termo-Adesao-PME-01.08.2025.pdf,affix pme empresas hapvida termo adesao geral brasil ba
Affix-Hapvida-Termo-Adesao-ABCFARMA-29.08.25.pdf,https://migracao.affix.com.br/wp-content/uploads/2019/02/Affix-Hapvida-Termo-Adesao-ABCFARMA-29.08.25.pdf,affix pme empresas hapvida termo adesao abcfarma geral brasil ba
Affix-Hapvida-Termo-Adesao-CAESBRA-29.08.25.pdf,https://migracao.affix.com.br/wp-content/uploads/2019/02/Affix-Hapvida-Termo-Adesao-CAESBRA-29.08.25.pdf,affix pme empresas hapvida termo adesao caesbra geral brasil ba
Affix-Hapvida-Termo-Adesao-FECOMERCIO.pdf,https://migracao.affix.com.br/wp-content/uploads/2019/02/Affix-Hapvida-Termo-Adesao-FECOMERCIO.pdf,affix pme empresas hapvida termo adesao fecomercio geral brasil ba
Affix-Hapvida-Termo-Adesao-SICOMERCIO-29.08.25.pdf,https://migracao.affix.com.br/wp-content/uploads/2019/02/Affix-Hapvida-Termo-Adesao-SICOMERCIO-29.08.25.pdf,affix pme empresas hapvida termo adesao sicomercio geral brasil ba camacari
Affix-Hapvida-Termo-Adesao-SINDILOJAS-29.08.2025.pdf,https://migracao.affix.com.br/wp-content/uploads/2019/02/Affix-Hapvida-Termo-Adesao-SINDILOJAS-29.08.2025.pdf,affix pme empresas hapvida termo adesao sindilojas geral brasil ba
Affix-PME-Hapvida-Termo-Adesao-ASSOC-COM-MACEIO-11-22.pdf,https://migracao.affix.com.br/wp-content/uploads/2019/02/Affix-PME-Hapvida-Termo-Adesao-ASSOC-COM-MACEIO-11-22.pdf,affix pme empresas hapvida termo adesao associacao comercial maceio alagoas al
Affix-Hapvida-Termo-Adesao-PME-17-07-2023.pdf,https://migracao.affix.com.br/affix-pme-hapvida/affix-pme-hapvida-termo-adesao-pme-17-07-2023/,affix pme empresas hapvida termo adesao geral brasil mg minas gerais
Affix-Hapvida-Termo-Adesao-ABCFARMA-11-22.pdf,https://migracao.affix.com.br/affix-empresas-hapvida-santa-catarina/affix-pme-hapvida-termo-adesao-abcfarma-11-22/,affix pme empresas hapvida termo adesao abcfarma geral brasil mg sc santa catarina
Affix-Hapvida-Termo-Adesao-CAESBRA-11-22.pdf,https://migracao.affix.com.br/affix-empresas-hapvida-goias/affix-pme-hapvida-termo-adesao-caesbra-11-22/,affix pme empresas hapvida termo adesao caesbra geral brasil mg go goias
Affix-Hapvida-Termo-Adesao-ACIG-29.08.25.pdf,https://migracao.affix.com.br/wp-content/uploads/2020/05/Affix-Hapvida-Termo-Adesao-ACIG-29.08.25.pdf,affix pme empresas hapvida termo adesao acig santa catarina sc joinville
Affix-Hapvida-Termo-Adesao-ACIJ-15.08.25.pdf,https://migracao.affix.com.br/wp-content/uploads/2020/05/Affix-Hapvida-Termo-Adesao-ACIJ-15.08.25.pdf,affix pme empresas hapvida termo adesao acij santa catarina sc joinville
